"state","year","mean_temperature"
"alabama",1992,62.2416666666667
"alabama",1993,62.4
"alabama",1994,62.8666666666667
"alabama",1995,63.225
"alabama",1996,61.9333333333333
"alabama",1997,62.5416666666667
"alabama",1998,64.8416666666667
"alabama",1999,64.325
"alabama",2000,63.8833333333333
"alabama",2001,62.55
"alabama",2002,63.8083333333333
"alabama",2003,62.7583333333333
"alabama",2004,63.2916666666667
"alabama",2005,63.4666666666667
"alabama",2006,63.95
"alabama",2007,64.3
"alabama",2008,63.0083333333333
"alabama",2009,63.125
"alabama",2010,62.9083333333333
"alabama",2011,63.4583333333333
"alabama",2012,64.85
"alabama",2013,62.7083333333333
"alabama",2014,61.95
"alabama",2015,64.325
"arizona",1992,59.7333333333333
"arizona",1993,59.6666666666667
"arizona",1994,60.5
"arizona",1995,60.9333333333333
"arizona",1996,61.9
"arizona",1997,60.725
"arizona",1998,59.125
"arizona",1999,60.8
"arizona",2000,61.5583333333333
"arizona",2001,61.3833333333333
"arizona",2002,61.1333333333333
"arizona",2003,61.8083333333333
"arizona",2004,60.4166666666667
"arizona",2005,61.0916666666667
"arizona",2006,61.2166666666667
"arizona",2007,61.6583333333333
"arizona",2008,60.5
"arizona",2009,61.2416666666667
"arizona",2010,60.0666666666667
"arizona",2011,60.6
"arizona",2012,62
"arizona",2013,60.475
"arizona",2014,62.1416666666667
"arizona",2015,61.9
"arkansas",1992,60.0166666666667
"arkansas",1993,59.275
"arkansas",1994,60.3
"arkansas",1995,60.6333333333333
"arkansas",1996,59.4
"arkansas",1997,59.8416666666667
"arkansas",1998,62.9416666666667
"arkansas",1999,62.1416666666667
"arkansas",2000,61.4
"arkansas",2001,60.6583333333333
"arkansas",2002,60.6833333333333
"arkansas",2003,60.275
"arkansas",2004,61.0666666666667
"arkansas",2005,62.0166666666667
"arkansas",2006,61.8
"arkansas",2007,61.825
"arkansas",2008,59.9916666666667
"arkansas",2009,60.05
"arkansas",2010,61.15
"arkansas",2011,61.6333333333333
"arkansas",2012,63.475
"arkansas",2013,59.9
"arkansas",2014,58.4916666666667
"arkansas",2015,61.1416666666667
"california",1992,59.425
"california",1993,57.5416666666667
"california",1994,58.0583333333333
"california",1995,58.7416666666667
"california",1996,59.6
"california",1997,59.25
"california",1998,56.7166666666667
"california",1999,57.825
"california",2000,58.7333333333333
"california",2001,59.2666666666667
"california",2002,58.8083333333333
"california",2003,59.4166666666667
"california",2004,58.8333333333333
"california",2005,58.5416666666667
"california",2006,58.7333333333333
"california",2007,59.0333333333333
"california",2008,58.8833333333333
"california",2009,58.85
"california",2010,57.5666666666667
"california",2011,57.55
"california",2012,59.4833333333333
"california",2013,59.2833333333333
"california",2014,61.35
"california",2015,60.9583333333333
"colorado",1992,45.425
"colorado",1993,43.6333333333333
"colorado",1994,46.3916666666667
"colorado",1995,45.6666666666667
"colorado",1996,45.8666666666667
"colorado",1997,44.9583333333333
"colorado",1998,46.175
"colorado",1999,46.5833333333333
"colorado",2000,47.0833333333333
"colorado",2001,46.825
"colorado",2002,46.0166666666667
"colorado",2003,46.9833333333333
"colorado",2004,45.8416666666667
"colorado",2005,46.8583333333333
"colorado",2006,46.475
"colorado",2007,46.3583333333333
"colorado",2008,44.8166666666667
"colorado",2009,45.3916666666667
"colorado",2010,45.7
"colorado",2011,45.7166666666667
"colorado",2012,48.2333333333333
"colorado",2013,45.175
"colorado",2014,45.8666666666667
"colorado",2015,47.55
"connecticut",1992,47.775
"connecticut",1993,48.6666666666667
"connecticut",1994,48.6666666666667
"connecticut",1995,49.4166666666667
"connecticut",1996,47.95
"connecticut",1997,48.8
"connecticut",1998,51.4166666666667
"connecticut",1999,50.975
"connecticut",2000,48.875
"connecticut",2001,49.775
"connecticut",2002,50.7916666666667
"connecticut",2003,48.05
"connecticut",2004,48.8333333333333
"connecticut",2005,49.6
"connecticut",2006,50.7416666666667
"connecticut",2007,49.85
"connecticut",2008,49.625
"connecticut",2009,48.9333333333333
"connecticut",2010,51.425
"connecticut",2011,50.4916666666667
"connecticut",2012,52.4916666666667
"connecticut",2013,49.9833333333333
"connecticut",2014,48.5
"connecticut",2015,49.5166666666667
"delaware",1992,53.9916666666667
"delaware",1993,54.95
"delaware",1994,54.775
"delaware",1995,55.4833333333333
"delaware",1996,53.6583333333333
"delaware",1997,54.925
"delaware",1998,57.2666666666667
"delaware",1999,56.5583333333333
"delaware",2000,55.125
"delaware",2001,55.5583333333333
"delaware",2002,57.4916666666667
"delaware",2003,54.5083333333333
"delaware",2004,55.7666666666667
"delaware",2005,55.8666666666667
"delaware",2006,56.9666666666667
"delaware",2007,56.475
"delaware",2008,56.25
"delaware",2009,55.575
"delaware",2010,56.8833333333333
"delaware",2011,56.9416666666667
"delaware",2012,58.45
"delaware",2013,55.9916666666667
"delaware",2014,54.6916666666667
"delaware",2015,56.0083333333333
"florida",1992,70.325
"florida",1993,70.4833333333333
"florida",1994,71.3083333333333
"florida",1995,70.9833333333333
"florida",1996,69.7583333333333
"florida",1997,71.1916666666667
"florida",1998,72.25
"florida",1999,71.3833333333333
"florida",2000,70.6583333333333
"florida",2001,70.625
"florida",2002,71.5583333333333
"florida",2003,70.925
"florida",2004,70.7333333333333
"florida",2005,70.875
"florida",2006,71.0583333333333
"florida",2007,71.7416666666667
"florida",2008,70.9083333333333
"florida",2009,71.2083333333333
"florida",2010,69.6166666666667
"florida",2011,71.1583333333333
"florida",2012,71.9166666666667
"florida",2013,71.5666666666667
"florida",2014,70.7583333333333
"florida",2015,73.0333333333333
"georgia",1992,62.8916666666667
"georgia",1993,63.2916666666667
"georgia",1994,63.425
"georgia",1995,63.6916666666667
"georgia",1996,62.475
"georgia",1997,63.2916666666667
"georgia",1998,65.4333333333333
"georgia",1999,64.7
"georgia",2000,63.6416666666667
"georgia",2001,63.4333333333333
"georgia",2002,64.6416666666667
"georgia",2003,63.3666666666667
"georgia",2004,63.8666666666667
"georgia",2005,63.875
"georgia",2006,64.2583333333333
"georgia",2007,64.7583333333333
"georgia",2008,63.5833333333333
"georgia",2009,63.6416666666667
"georgia",2010,63.225
"georgia",2011,64.1583333333333
"georgia",2012,65.4666666666667
"georgia",2013,63.425
"georgia",2014,62.975
"georgia",2015,64.9916666666667
"idaho",1992,45.2083333333333
"idaho",1993,40.7
"idaho",1994,44.35
"idaho",1995,43.5666666666667
"idaho",1996,43.25
"idaho",1997,43.3166666666667
"idaho",1998,44.3416666666667
"idaho",1999,43.4333333333333
"idaho",2000,44
"idaho",2001,44.3333333333333
"idaho",2002,42.675
"idaho",2003,45.4
"idaho",2004,44.1416666666667
"idaho",2005,43.8166666666667
"idaho",2006,44.0833333333333
"idaho",2007,44.8583333333333
"idaho",2008,42.5583333333333
"idaho",2009,42.925
"idaho",2010,43.0416666666667
"idaho",2011,42.4583333333333
"idaho",2012,45.05
"idaho",2013,43.9083333333333
"idaho",2014,44.7666666666667
"idaho",2015,46.575
"illinois",1992,51.9916666666667
"illinois",1993,50.8333333333333
"illinois",1994,51.7916666666667
"illinois",1995,51.9166666666667
"illinois",1996,50.0166666666667
"illinois",1997,50.8916666666667
"illinois",1998,55.1
"illinois",1999,53.6083333333333
"illinois",2000,52.825
"illinois",2001,52.5916666666667
"illinois",2002,53.3833333333333
"illinois",2003,51.65
"illinois",2004,52.7
"illinois",2005,53.8916666666667
"illinois",2006,53.5916666666667
"illinois",2007,53.8833333333333
"illinois",2008,51.05
"illinois",2009,51.3333333333333
"illinois",2010,53.0916666666667
"illinois",2011,52.6583333333333
"illinois",2012,55.725
"illinois",2013,51.5166666666667
"illinois",2014,49.15
"illinois",2015,52.5666666666667
"indiana",1992,51.3833333333333
"indiana",1993,50.8083333333333
"indiana",1994,51.2583333333333
"indiana",1995,51.9083333333333
"indiana",1996,49.8083333333333
"indiana",1997,50.5
"indiana",1998,54.8083333333333
"indiana",1999,53.3583333333333
"indiana",2000,52.125
"indiana",2001,52.425
"indiana",2002,53.3333333333333
"indiana",2003,50.975
"indiana",2004,52.3333333333333
"indiana",2005,53.0083333333333
"indiana",2006,52.975
"indiana",2007,53.4833333333333
"indiana",2008,51.175
"indiana",2009,51.2333333333333
"indiana",2010,52.85
"indiana",2011,52.5583333333333
"indiana",2012,55.05
"indiana",2013,51.575
"indiana",2014,49.1833333333333
"indiana",2015,51.9833333333333
"iowa",1992,47.975
"iowa",1993,45.6
"iowa",1994,47.3833333333333
"iowa",1995,47.3666666666667
"iowa",1996,45.35
"iowa",1997,46.7666666666667
"iowa",1998,50.825
"iowa",1999,49.7583333333333
"iowa",2000,49.3166666666667
"iowa",2001,48.1916666666667
"iowa",2002,49.2333333333333
"iowa",2003,47.9666666666667
"iowa",2004,48.6
"iowa",2005,49.9166666666667
"iowa",2006,49.9166666666667
"iowa",2007,49.3416666666667
"iowa",2008,46.025
"iowa",2009,46.6166666666667
"iowa",2010,48.2333333333333
"iowa",2011,48
"iowa",2012,52.125
"iowa",2013,47.0833333333333
"iowa",2014,45.0083333333333
"iowa",2015,49.0583333333333
"kansas",1992,54.4416666666667
"kansas",1993,51.6916666666667
"kansas",1994,54.9
"kansas",1995,54.05
"kansas",1996,53.1
"kansas",1997,53.6583333333333
"kansas",1998,56.225
"kansas",1999,55.8833333333333
"kansas",2000,56.0416666666667
"kansas",2001,55.375
"kansas",2002,55.2416666666667
"kansas",2003,54.975
"kansas",2004,55.0416666666667
"kansas",2005,56.1
"kansas",2006,56.6416666666667
"kansas",2007,55.3583333333333
"kansas",2008,53.55
"kansas",2009,53.7333333333333
"kansas",2010,55.025
"kansas",2011,55.1833333333333
"kansas",2012,58.15
"kansas",2013,53.925
"kansas",2014,53.4666666666667
"kansas",2015,56.1666666666667
"kentucky",1992,55.2583333333333
"kentucky",1993,55.0083333333333
"kentucky",1994,55.1583333333333
"kentucky",1995,55.6416666666667
"kentucky",1996,54.1166666666667
"kentucky",1997,54.6333333333333
"kentucky",1998,58.0166666666667
"kentucky",1999,57.325
"kentucky",2000,56.1416666666667
"kentucky",2001,55.9583333333333
"kentucky",2002,57.0583333333333
"kentucky",2003,55.2
"kentucky",2004,56.4333333333333
"kentucky",2005,56.925
"kentucky",2006,56.45
"kentucky",2007,57.7666666666667
"kentucky",2008,55.525
"kentucky",2009,55.4416666666667
"kentucky",2010,56.2916666666667
"kentucky",2011,56.4166666666667
"kentucky",2012,58.3166666666667
"kentucky",2013,55.2666666666667
"kentucky",2014,54.25
"kentucky",2015,56.2083333333333
"louisiana",1992,65.8916666666667
"louisiana",1993,65.6916666666667
"louisiana",1994,66.3416666666667
"louisiana",1995,66.9
"louisiana",1996,66.0166666666667
"louisiana",1997,66.2416666666667
"louisiana",1998,68.45
"louisiana",1999,67.9333333333333
"louisiana",2000,67.55
"louisiana",2001,66.2166666666667
"louisiana",2002,66.7833333333333
"louisiana",2003,66.425
"louisiana",2004,67.1416666666667
"louisiana",2005,67.5333333333333
"louisiana",2006,67.6416666666667
"louisiana",2007,67.2333333333333
"louisiana",2008,66.75
"louisiana",2009,67.025
"louisiana",2010,66.45
"louisiana",2011,67.5833333333333
"louisiana",2012,68.5666666666667
"louisiana",2013,66.475
"louisiana",2014,64.8916666666667
"louisiana",2015,67.875
"maine",1992,39.6333333333333
"maine",1993,39.975
"maine",1994,40.3416666666667
"maine",1995,41.2333333333333
"maine",1996,40.5083333333333
"maine",1997,40.1083333333333
"maine",1998,43.275
"maine",1999,43.825
"maine",2000,41.25
"maine",2001,42.1833333333333
"maine",2002,42.0083333333333
"maine",2003,40.375
"maine",2004,40.6166666666667
"maine",2005,41.7333333333333
"maine",2006,43.7083333333333
"maine",2007,41.1166666666667
"maine",2008,41.5166666666667
"maine",2009,40.775
"maine",2010,44.5833333333333
"maine",2011,42.6916666666667
"maine",2012,43.9083333333333
"maine",2013,42.2833333333333
"maine",2014,40.8166666666667
"maine",2015,41.0083333333333
"maryland",1992,53.6083333333333
"maryland",1993,54.3166666666667
"maryland",1994,54.1
"maryland",1995,54.775
"maryland",1996,52.9166666666667
"maryland",1997,54.1083333333333
"maryland",1998,56.825
"maryland",1999,55.8083333333333
"maryland",2000,54.5333333333333
"maryland",2001,54.7666666666667
"maryland",2002,56.6166666666667
"maryland",2003,53.8166666666667
"maryland",2004,55.1166666666667
"maryland",2005,55.3333333333333
"maryland",2006,56.1333333333333
"maryland",2007,55.8666666666667
"maryland",2008,55.2916666666667
"maryland",2009,54.7416666666667
"maryland",2010,56.025
"maryland",2011,56.05
"maryland",2012,57.4666666666667
"maryland",2013,54.8583333333333
"maryland",2014,53.5166666666667
"maryland",2015,55.075
"massachusetts",1992,46.4666666666667
"massachusetts",1993,47.3416666666667
"massachusetts",1994,47.4583333333333
"massachusetts",1995,48.1666666666667
"massachusetts",1996,46.9083333333333
"massachusetts",1997,47.5333333333333
"massachusetts",1998,50.1666666666667
"massachusetts",1999,49.9083333333333
"massachusetts",2000,47.85
"massachusetts",2001,48.6416666666667
"massachusetts",2002,49.6666666666667
"massachusetts",2003,46.9833333333333
"massachusetts",2004,47.6916666666667
"massachusetts",2005,48.475
"massachusetts",2006,49.75
"massachusetts",2007,48.65
"massachusetts",2008,48.475
"massachusetts",2009,47.8416666666667
"massachusetts",2010,50.3833333333333
"massachusetts",2011,49.3416666666667
"massachusetts",2012,51.3833333333333
"massachusetts",2013,49.025
"massachusetts",2014,47.525
"massachusetts",2015,48.1416666666667
"michigan",1992,43.3083333333333
"michigan",1993,43.3
"michigan",1994,43.6333333333333
"michigan",1995,44.6333333333333
"michigan",1996,42.2666666666667
"michigan",1997,43.3916666666667
"michigan",1998,48.2083333333333
"michigan",1999,46.4916666666667
"michigan",2000,45.4583333333333
"michigan",2001,46.1416666666667
"michigan",2002,45.975
"michigan",2003,43.8666666666667
"michigan",2004,44.7916666666667
"michigan",2005,46.05
"michigan",2006,46.675
"michigan",2007,46.3916666666667
"michigan",2008,44.1666666666667
"michigan",2009,43.6583333333333
"michigan",2010,47.1
"michigan",2011,45.3083333333333
"michigan",2012,48.4166666666667
"michigan",2013,44.5333333333333
"michigan",2014,41.5083333333333
"michigan",2015,44.8
"minnesota",1992,41.025
"minnesota",1993,38.8416666666667
"minnesota",1994,40.7083333333333
"minnesota",1995,40.6333333333333
"minnesota",1996,37.7583333333333
"minnesota",1997,39.9333333333333
"minnesota",1998,45.0916666666667
"minnesota",1999,43.625
"minnesota",2000,42.5916666666667
"minnesota",2001,42.2333333333333
"minnesota",2002,42.1
"minnesota",2003,41.5166666666667
"minnesota",2004,41.45
"minnesota",2005,43.075
"minnesota",2006,44.075
"minnesota",2007,42.9
"minnesota",2008,39.6166666666667
"minnesota",2009,39.8833333333333
"minnesota",2010,42.8583333333333
"minnesota",2011,41.5416666666667
"minnesota",2012,45.4416666666667
"minnesota",2013,39.8083333333333
"minnesota",2014,37.9916666666667
"minnesota",2015,43.2833333333333
"mississippi",1992,62.925
"mississippi",1993,62.7916666666667
"mississippi",1994,63.3916666666667
"mississippi",1995,63.7666666666667
"mississippi",1996,62.8166666666667
"mississippi",1997,63.1
"mississippi",1998,65.6333333333333
"mississippi",1999,65.1333333333333
"mississippi",2000,64.575
"mississippi",2001,63.1666666666667
"mississippi",2002,64.1583333333333
"mississippi",2003,63.3416666666667
"mississippi",2004,63.9833333333333
"mississippi",2005,64.325
"mississippi",2006,64.5583333333333
"mississippi",2007,64.8166666666667
"mississippi",2008,63.4666666666667
"mississippi",2009,63.7833333333333
"mississippi",2010,63.5583333333333
"mississippi",2011,64.2083333333333
"mississippi",2012,65.5083333333333
"mississippi",2013,63.2833333333333
"mississippi",2014,62.175
"mississippi",2015,65.0166666666667
"missouri",1992,54.65
"missouri",1993,52.9416666666667
"missouri",1994,54.5583333333333
"missouri",1995,54.4083333333333
"missouri",1996,52.8916666666667
"missouri",1997,53.6666666666667
"missouri",1998,57.075
"missouri",1999,56.35
"missouri",2000,55.8
"missouri",2001,55.0666666666667
"missouri",2002,55.4333333333333
"missouri",2003,54.475
"missouri",2004,55.0166666666667
"missouri",2005,56.3916666666667
"missouri",2006,56.4416666666667
"missouri",2007,56.3916666666667
"missouri",2008,53.5166666666667
"missouri",2009,54
"missouri",2010,55.25
"missouri",2011,55.325
"missouri",2012,58.4916666666667
"missouri",2013,53.9583333333333
"missouri",2014,52.5916666666667
"missouri",2015,55.6083333333333
"montana",1992,43.95
"montana",1993,39.1916666666667
"montana",1994,42.8
"montana",1995,41.875
"montana",1996,39.4666666666667
"montana",1997,41.7666666666667
"montana",1998,44.05
"montana",1999,43.6916666666667
"montana",2000,42.9416666666667
"montana",2001,43.3833333333333
"montana",2002,41.275
"montana",2003,43.4166666666667
"montana",2004,42.7166666666667
"montana",2005,43.3416666666667
"montana",2006,44.1833333333333
"montana",2007,44.1833333333333
"montana",2008,41.7
"montana",2009,41.2333333333333
"montana",2010,41.25
"montana",2011,41.2916666666667
"montana",2012,44.725
"montana",2013,42.5916666666667
"montana",2014,41.5416666666667
"montana",2015,44.9083333333333
"nebraska",1992,49.2916666666667
"nebraska",1993,45.6916666666667
"nebraska",1994,49.275
"nebraska",1995,48.5916666666667
"nebraska",1996,46.8166666666667
"nebraska",1997,48.35
"nebraska",1998,50.6166666666667
"nebraska",1999,50.8416666666667
"nebraska",2000,50.4916666666667
"nebraska",2001,49.8583333333333
"nebraska",2002,49.9416666666667
"nebraska",2003,49.8333333333333
"nebraska",2004,49.7916666666667
"nebraska",2005,50.9416666666667
"nebraska",2006,50.8666666666667
"nebraska",2007,50.2916666666667
"nebraska",2008,47.7166666666667
"nebraska",2009,47.7083333333333
"nebraska",2010,49.0333333333333
"nebraska",2011,48.6583333333333
"nebraska",2012,52.7583333333333
"nebraska",2013,48.6583333333333
"nebraska",2014,47.7916666666667
"nebraska",2015,50.7416666666667
"nevada",1992,51.5583333333333
"nevada",1993,48.425
"nevada",1994,50.75
"nevada",1995,50.7916666666667
"nevada",1996,51.5666666666667
"nevada",1997,50.7666666666667
"nevada",1998,49.1666666666667
"nevada",1999,50.4666666666667
"nevada",2000,51.3833333333333
"nevada",2001,51.7333333333333
"nevada",2002,50.6666666666667
"nevada",2003,52.2416666666667
"nevada",2004,50.8083333333333
"nevada",2005,50.6416666666667
"nevada",2006,50.9166666666667
"nevada",2007,51.6083333333333
"nevada",2008,50.4
"nevada",2009,50.5166666666667
"nevada",2010,49.6416666666667
"nevada",2011,49.75
"nevada",2012,52.35
"nevada",2013,50.6
"nevada",2014,52.7333333333333
"nevada",2015,53.075
"new hampshire",1992,41.7166666666667
"new hampshire",1993,42.5416666666667
"new hampshire",1994,42.575
"new hampshire",1995,43.6
"new hampshire",1996,42.5416666666667
"new hampshire",1997,42.5083333333333
"new hampshire",1998,45.7416666666667
"new hampshire",1999,45.5166666666667
"new hampshire",2000,43.325
"new hampshire",2001,44.0833333333333
"new hampshire",2002,44.8583333333333
"new hampshire",2003,42.45
"new hampshire",2004,43.0333333333333
"new hampshire",2005,44.0416666666667
"new hampshire",2006,45.4166666666667
"new hampshire",2007,43.5083333333333
"new hampshire",2008,43.725
"new hampshire",2009,43.0166666666667
"new hampshire",2010,45.9833333333333
"new hampshire",2011,44.6666666666667
"new hampshire",2012,46.625
"new hampshire",2013,44.4583333333333
"new hampshire",2014,42.775
"new hampshire",2015,43.3666666666667
"new jersey",1992,51.3166666666667
"new jersey",1993,52.275
"new jersey",1994,51.9666666666667
"new jersey",1995,52.8416666666667
"new jersey",1996,51.1583333333333
"new jersey",1997,52.1583333333333
"new jersey",1998,54.9916666666667
"new jersey",1999,54.1833333333333
"new jersey",2000,52.5416666666667
"new jersey",2001,53.1416666666667
"new jersey",2002,54.6166666666667
"new jersey",2003,51.75
"new jersey",2004,53.0166666666667
"new jersey",2005,53.575
"new jersey",2006,54.5833333333333
"new jersey",2007,53.8416666666667
"new jersey",2008,53.5916666666667
"new jersey",2009,52.8166666666667
"new jersey",2010,54.8166666666667
"new jersey",2011,54.4666666666667
"new jersey",2012,55.85
"new jersey",2013,53.3916666666667
"new jersey",2014,51.8416666666667
"new jersey",2015,53.4833333333333
"new mexico",1992,52.6416666666667
"new mexico",1993,53.025
"new mexico",1994,54.3
"new mexico",1995,54.3416666666667
"new mexico",1996,54.6916666666667
"new mexico",1997,53.1583333333333
"new mexico",1998,53.95
"new mexico",1999,54.4666666666667
"new mexico",2000,55.1833333333333
"new mexico",2001,54.6
"new mexico",2002,54.3833333333333
"new mexico",2003,55.3916666666667
"new mexico",2004,53.5916666666667
"new mexico",2005,54.65
"new mexico",2006,54.8416666666667
"new mexico",2007,54.2083333333333
"new mexico",2008,53.5583333333333
"new mexico",2009,54.475
"new mexico",2010,53.8166666666667
"new mexico",2011,54.9916666666667
"new mexico",2012,55.8083333333333
"new mexico",2013,53.7333333333333
"new mexico",2014,54.6916666666667
"new mexico",2015,54.9916666666667
"new york",1992,43.7833333333333
"new york",1993,44.2666666666667
"new york",1994,44.1166666666667
"new york",1995,45.625
"new york",1996,44.0833333333333
"new york",1997,44.5166666666667
"new york",1998,48.1166666666667
"new york",1999,47.0666666666667
"new york",2000,45.2666666666667
"new york",2001,46.3583333333333
"new york",2002,47.1916666666667
"new york",2003,44.4166666666667
"new york",2004,45.225
"new york",2005,46.3083333333333
"new york",2006,47.1916666666667
"new york",2007,46
"new york",2008,45.7416666666667
"new york",2009,45.0666666666667
"new york",2010,47.3416666666667
"new york",2011,46.7666666666667
"new york",2012,48.8583333333333
"new york",2013,45.9916666666667
"new york",2014,44.3166666666667
"new york",2015,45.3166666666667
"north carolina",1992,58.3583333333333
"north carolina",1993,58.8166666666667
"north carolina",1994,58.7166666666667
"north carolina",1995,58.75
"north carolina",1996,57.5083333333333
"north carolina",1997,58.1833333333333
"north carolina",1998,60.6
"north carolina",1999,59.8166666666667
"north carolina",2000,58.725
"north carolina",2001,58.825
"north carolina",2002,60.275
"north carolina",2003,58.7416666666667
"north carolina",2004,59.2833333333333
"north carolina",2005,59.4833333333333
"north carolina",2006,59.525
"north carolina",2007,60.4333333333333
"north carolina",2008,59.375
"north carolina",2009,59.1
"north carolina",2010,59.3083333333333
"north carolina",2011,59.8416666666667
"north carolina",2012,60.675
"north carolina",2013,58.6416666666667
"north carolina",2014,58.3583333333333
"north carolina",2015,60.1166666666667
"north dakota",1992,41.7
"north dakota",1993,38
"north dakota",1994,39.95
"north dakota",1995,39.875
"north dakota",1996,36.8083333333333
"north dakota",1997,39.8416666666667
"north dakota",1998,43.5166666666667
"north dakota",1999,42.65
"north dakota",2000,41.9583333333333
"north dakota",2001,41.5916666666667
"north dakota",2002,40.8666666666667
"north dakota",2003,40.7916666666667
"north dakota",2004,40.575
"north dakota",2005,42.4583333333333
"north dakota",2006,43.675
"north dakota",2007,42.1416666666667
"north dakota",2008,39.6583333333333
"north dakota",2009,38.4083333333333
"north dakota",2010,40.7833333333333
"north dakota",2011,40.1
"north dakota",2012,44.5416666666667
"north dakota",2013,39.1416666666667
"north dakota",2014,38.4333333333333
"north dakota",2015,43.2583333333333
"ohio",1992,50.3416666666667
"ohio",1993,50.4916666666667
"ohio",1994,50.225
"ohio",1995,50.7583333333333
"ohio",1996,49.1416666666667
"ohio",1997,50.0083333333333
"ohio",1998,53.9583333333333
"ohio",1999,52.4583333333333
"ohio",2000,51.2666666666667
"ohio",2001,51.7
"ohio",2002,52.8166666666667
"ohio",2003,50.1583333333333
"ohio",2004,51.4
"ohio",2005,51.9416666666667
"ohio",2006,52.2583333333333
"ohio",2007,52.4833333333333
"ohio",2008,50.7333333333333
"ohio",2009,50.5583333333333
"ohio",2010,51.95
"ohio",2011,51.7916666666667
"ohio",2012,53.975
"ohio",2013,51.1166666666667
"ohio",2014,49.05
"ohio",2015,51.2416666666667
"oklahoma",1992,59.4833333333333
"oklahoma",1993,58.0333333333333
"oklahoma",1994,59.675
"oklahoma",1995,59.5166666666667
"oklahoma",1996,58.9083333333333
"oklahoma",1997,58.825
"oklahoma",1998,61.9916666666667
"oklahoma",1999,61.2416666666667
"oklahoma",2000,60.8083333333333
"oklahoma",2001,60.3166666666667
"oklahoma",2002,59.5166666666667
"oklahoma",2003,59.7916666666667
"oklahoma",2004,60.1833333333333
"oklahoma",2005,60.975
"oklahoma",2006,62.025
"oklahoma",2007,60.2
"oklahoma",2008,59.5416666666667
"oklahoma",2009,59.5833333333333
"oklahoma",2010,60.0833333333333
"oklahoma",2011,61.6166666666667
"oklahoma",2012,63.0416666666667
"oklahoma",2013,59.1166666666667
"oklahoma",2014,58.6
"oklahoma",2015,60.7
"oregon",1992,49.6583333333333
"oregon",1993,45.2666666666667
"oregon",1994,47.9333333333333
"oregon",1995,47.9666666666667
"oregon",1996,47.65
"oregon",1997,47.8333333333333
"oregon",1998,47.9
"oregon",1999,47.0166666666667
"oregon",2000,47.4916666666667
"oregon",2001,47.8583333333333
"oregon",2002,47.5416666666667
"oregon",2003,49.0916666666667
"oregon",2004,48.375
"oregon",2005,47.8666666666667
"oregon",2006,47.9083333333333
"oregon",2007,47.8833333333333
"oregon",2008,46.825
"oregon",2009,47.325
"oregon",2010,46.9083333333333
"oregon",2011,46.3
"oregon",2012,48.0666666666667
"oregon",2013,47.725
"oregon",2014,49.3666666666667
"oregon",2015,50.5083333333333
"pennsylvania",1992,47.7333333333333
"pennsylvania",1993,48.3
"pennsylvania",1994,47.7666666666667
"pennsylvania",1995,48.85
"pennsylvania",1996,47.25
"pennsylvania",1997,48.05
"pennsylvania",1998,51.5833333333333
"pennsylvania",1999,50.125
"pennsylvania",2000,48.925
"pennsylvania",2001,49.35
"pennsylvania",2002,50.6583333333333
"pennsylvania",2003,47.8416666666667
"pennsylvania",2004,49.0583333333333
"pennsylvania",2005,49.675
"pennsylvania",2006,50.3
"pennsylvania",2007,49.7416666666667
"pennsylvania",2008,48.875
"pennsylvania",2009,48.4916666666667
"pennsylvania",2010,50.225
"pennsylvania",2011,50.0333333333333
"pennsylvania",2012,51.775
"pennsylvania",2013,49.2083333333333
"pennsylvania",2014,47.3166666666667
"pennsylvania",2015,49.1
"rhode island",1992,48.4833333333333
"rhode island",1993,49.3333333333333
"rhode island",1994,49.375
"rhode island",1995,50.2333333333333
"rhode island",1996,48.7
"rhode island",1997,49.625
"rhode island",1998,51.8416666666667
"rhode island",1999,51.8333333333333
"rhode island",2000,49.7666666666667
"rhode island",2001,50.6416666666667
"rhode island",2002,51.4583333333333
"rhode island",2003,48.8666666666667
"rhode island",2004,49.3833333333333
"rhode island",2005,50.175
"rhode island",2006,51.475
"rhode island",2007,50.625
"rhode island",2008,50.65
"rhode island",2009,49.8916666666667
"rhode island",2010,52.0333333333333
"rhode island",2011,51.2833333333333
"rhode island",2012,52.925
"rhode island",2013,50.8333333333333
"rhode island",2014,49.5583333333333
"rhode island",2015,50.1
"south carolina",1992,62.1083333333333
"south carolina",1993,62.6333333333333
"south carolina",1994,62.5583333333333
"south carolina",1995,62.7416666666667
"south carolina",1996,61.575
"south carolina",1997,62.2666666666667
"south carolina",1998,64.4416666666667
"south carolina",1999,63.6
"south carolina",2000,62.5833333333333
"south carolina",2001,62.7416666666667
"south carolina",2002,64.0333333333333
"south carolina",2003,62.3916666666667
"south carolina",2004,63.0583333333333
"south carolina",2005,63.1166666666667
"south carolina",2006,63.3333333333333
"south carolina",2007,64.225
"south carolina",2008,62.9916666666667
"south carolina",2009,62.9166666666667
"south carolina",2010,62.8416666666667
"south carolina",2011,63.5916666666667
"south carolina",2012,64.4666666666667
"south carolina",2013,62.3666666666667
"south carolina",2014,62.2416666666667
"south carolina",2015,64.0916666666667
"south dakota",1992,46.0416666666667
"south dakota",1993,42.025
"south dakota",1994,44.875
"south dakota",1995,44.7583333333333
"south dakota",1996,42.0583333333333
"south dakota",1997,44.1
"south dakota",1998,47.5
"south dakota",1999,47.6583333333333
"south dakota",2000,46.7333333333333
"south dakota",2001,45.9166666666667
"south dakota",2002,46.1416666666667
"south dakota",2003,46.0833333333333
"south dakota",2004,46.2666666666667
"south dakota",2005,47.6416666666667
"south dakota",2006,47.85
"south dakota",2007,47.125
"south dakota",2008,44.0666666666667
"south dakota",2009,43.5833333333333
"south dakota",2010,44.9666666666667
"south dakota",2011,44.3916666666667
"south dakota",2012,49.5
"south dakota",2013,44.375
"south dakota",2014,43.2333333333333
"south dakota",2015,47.5333333333333
"tennessee",1992,57.1583333333333
"tennessee",1993,57.1583333333333
"tennessee",1994,57.425
"tennessee",1995,57.7
"tennessee",1996,56.3333333333333
"tennessee",1997,56.9916666666667
"tennessee",1998,59.9833333333333
"tennessee",1999,59.375
"tennessee",2000,58.45
"tennessee",2001,57.6583333333333
"tennessee",2002,58.95
"tennessee",2003,57.5333333333333
"tennessee",2004,58.4916666666667
"tennessee",2005,58.8333333333333
"tennessee",2006,58.5916666666667
"tennessee",2007,59.8916666666667
"tennessee",2008,57.8
"tennessee",2009,57.6833333333333
"tennessee",2010,58.125
"tennessee",2011,58.5083333333333
"tennessee",2012,60.2083333333333
"tennessee",2013,57.35
"tennessee",2014,56.5083333333333
"tennessee",2015,58.675
"texas",1992,64.4166666666667
"texas",1993,64.0416666666667
"texas",1994,65.5083333333333
"texas",1995,65.2916666666667
"texas",1996,65.4
"texas",1997,64.125
"texas",1998,66.8916666666667
"texas",1999,66.575
"texas",2000,66.7333333333333
"texas",2001,65.425
"texas",2002,65.0916666666667
"texas",2003,65.45
"texas",2004,65.2916666666667
"texas",2005,66
"texas",2006,67.0583333333333
"texas",2007,64.7916666666667
"texas",2008,65.5583333333333
"texas",2009,65.9666666666667
"texas",2010,64.8333333333333
"texas",2011,67.45
"texas",2012,67.5333333333333
"texas",2013,65.375
"texas",2014,64.5916666666667
"texas",2015,65.75
"utah",1992,49.1083333333333
"utah",1993,46.6333333333333
"utah",1994,49.6083333333333
"utah",1995,49.0583333333333
"utah",1996,49.65
"utah",1997,48.3166666666667
"utah",1998,48.2666666666667
"utah",1999,49.075
"utah",2000,50.1583333333333
"utah",2001,50.225
"utah",2002,48.6333333333333
"utah",2003,50.5416666666667
"utah",2004,48.7083333333333
"utah",2005,49.3666666666667
"utah",2006,49.225
"utah",2007,50.025
"utah",2008,48.0166666666667
"utah",2009,48.6666666666667
"utah",2010,47.8583333333333
"utah",2011,47.85
"utah",2012,50.9
"utah",2013,47.95
"utah",2014,50.0666666666667
"utah",2015,50.9416666666667
"vermont",1992,40.5166666666667
"vermont",1993,41.275
"vermont",1994,41.15
"vermont",1995,42.6916666666667
"vermont",1996,41.5083333333333
"vermont",1997,41.35
"vermont",1998,44.8916666666667
"vermont",1999,44.4083333333333
"vermont",2000,42.2166666666667
"vermont",2001,43.25
"vermont",2002,43.9083333333333
"vermont",2003,41.475
"vermont",2004,41.875
"vermont",2005,43.4166666666667
"vermont",2006,44.6666666666667
"vermont",2007,42.55
"vermont",2008,42.9916666666667
"vermont",2009,42.3333333333333
"vermont",2010,44.9166666666667
"vermont",2011,44
"vermont",2012,45.8666666666667
"vermont",2013,43.4916666666667
"vermont",2014,41.725
"vermont",2015,42.3
"virginia",1992,54.575
"virginia",1993,55.1333333333333
"virginia",1994,55
"virginia",1995,55.3416666666667
"virginia",1996,53.725
"virginia",1997,54.5916666666667
"virginia",1998,57.25
"virginia",1999,56.3916666666667
"virginia",2000,55.3
"virginia",2001,55.2833333333333
"virginia",2002,56.8583333333333
"virginia",2003,54.9333333333333
"virginia",2004,55.825
"virginia",2005,56.0666666666667
"virginia",2006,56.2416666666667
"virginia",2007,56.8666666666667
"virginia",2008,55.7666666666667
"virginia",2009,55.35
"virginia",2010,56.15
"virginia",2011,56.4583333333333
"virginia",2012,57.5416666666667
"virginia",2013,55.2083333333333
"virginia",2014,54.4
"virginia",2015,56.1666666666667
"washington",1992,48.9583333333333
"washington",1993,45.3333333333333
"washington",1994,47.9416666666667
"washington",1995,47.525
"washington",1996,45.7583333333333
"washington",1997,46.925
"washington",1998,48.6833333333333
"washington",1999,46.75
"washington",2000,46.3916666666667
"washington",2001,46.7916666666667
"washington",2002,46.8333333333333
"washington",2003,48.3166666666667
"washington",2004,48.275
"washington",2005,47.5333333333333
"washington",2006,47.4583333333333
"washington",2007,46.8083333333333
"washington",2008,45.9333333333333
"washington",2009,46.3416666666667
"washington",2010,46.85
"washington",2011,45.5666666666667
"washington",2012,46.9916666666667
"washington",2013,47.3083333333333
"washington",2014,48.125
"washington",2015,50.05
"west virginia",1992,51.4083333333333
"west virginia",1993,51.9
"west virginia",1994,51.55
"west virginia",1995,51.95
"west virginia",1996,50.4166666666667
"west virginia",1997,51.1
"west virginia",1998,54.0666666666667
"west virginia",1999,53.1583333333333
"west virginia",2000,52.1833333333333
"west virginia",2001,52.0916666666667
"west virginia",2002,53.5333333333333
"west virginia",2003,51.575
"west virginia",2004,52.6583333333333
"west virginia",2005,52.9333333333333
"west virginia",2006,52.6416666666667
"west virginia",2007,53.3666666666667
"west virginia",2008,51.8833333333333
"west virginia",2009,51.8666666666667
"west virginia",2010,52.3333333333333
"west virginia",2011,52.95
"west virginia",2012,54.3
"west virginia",2013,51.9166666666667
"west virginia",2014,50.7
"west virginia",2015,52.8
"wisconsin",1992,42.7333333333333
"wisconsin",1993,41.6916666666667
"wisconsin",1994,42.8333333333333
"wisconsin",1995,43.175
"wisconsin",1996,40.4083333333333
"wisconsin",1997,42.2916666666667
"wisconsin",1998,47.3333333333333
"wisconsin",1999,45.4916666666667
"wisconsin",2000,44.4333333333333
"wisconsin",2001,44.5333333333333
"wisconsin",2002,44.725
"wisconsin",2003,43.1666666666667
"wisconsin",2004,43.7
"wisconsin",2005,45.1416666666667
"wisconsin",2006,45.6166666666667
"wisconsin",2007,45.175
"wisconsin",2008,41.9666666666667
"wisconsin",2009,42.1416666666667
"wisconsin",2010,45.5166666666667
"wisconsin",2011,43.775
"wisconsin",2012,47.4166666666667
"wisconsin",2013,42.3333333333333
"wisconsin",2014,39.7166666666667
"wisconsin",2015,44.4916666666667
"wyoming",1992,42.7333333333333
"wyoming",1993,38.625
"wyoming",1994,42.8083333333333
"wyoming",1995,41.6833333333333
"wyoming",1996,41.1583333333333
"wyoming",1997,41.2
"wyoming",1998,42.55
"wyoming",1999,42.9916666666667
"wyoming",2000,42.8
"wyoming",2001,43.1166666666667
"wyoming",2002,41.2166666666667
"wyoming",2003,43.0416666666667
"wyoming",2004,42.375
"wyoming",2005,43.075
"wyoming",2006,43.05
"wyoming",2007,43.5166666666667
"wyoming",2008,40.6333333333333
"wyoming",2009,41.1083333333333
"wyoming",2010,41.5583333333333
"wyoming",2011,41.175
"wyoming",2012,44.7416666666667
"wyoming",2013,41.8416666666667
"wyoming",2014,41.85
"wyoming",2015,44.2916666666667
